table,column,distinct_count,sample_values
assessor,building_style,68,FARM & RANCH OTHER IMPROVEMENTS; ONE STORY; 2.5 STY UNFIN BSMT; PARK MODEL MOBILE; DOUBLE WIDE; MISC OUTBUILDINGS; MOBILE HOME WITH LAND; COMMERCIAL REAL PROPERTY; TRIPLE WIDE; SINGLE FAMILY RESIDENCE; MISC RESIDENTIAL; TWO STORY; 2.5; TRIPLEX; TRI LEVEL; 1 STRY FIN BSMT; INTANGIBLE PROPERTY AND/OR UNCERTIFIED PROPERTY; 1.5 STRY UNDEV BSMT; SPLIT (TRI) LEVEL; BL; COMMON AREA; RESIDENTIAL HOMESITE; INDUSTRIAL PERSONAL PROPERTY; ELECTRIC COMPANY (INCLUDING CO-OP); MODULAR HOMES; 3 STRY FIN BSMT; WATER SYSTEMS; 3B; TOTALLY EXEMPTED PROPERTY; FOURPLEX; MODULAR; CONDO; 2 STRY UNDEV BSMT; INDUSTRIAL REAL PROPERTY; 1 & 1/2 STORY; SPLIT ENTRY; NON-QUALIFIED LAND; DUPLEX; DUPLEX RESIDENCE; FARM & RANCH MOBILE HOME; QUALIFIED AG LAND; COMMERICAL PERSONAL PROPERTY; BI OR SPLIT LEVEL ENTRY; 1.5 STRY FIN BSMT; 2B; 1.5B; SINGLE WIDE; MULTIFAMILY RESIDENCE; TOWNHOUSE - ATTACHED SFR UNITS; 2.5 STY FIN BSMT; LOG; APARTMENT; BOAT SHEDS ON LEASED LAND; BUILDINGS ON LEASED LAND; 1 STRY UNDEV BSMT; UNIDENTIFIED CATEGORY; TRIPLEX RESIDENCE; MOBILE HOMES/TANGIBLE OTHER PERSONAL; GAS DISTRIBUTION SYSTEM; RESIDENCE IN GPB; LOG (PANABODE); COMMERCIAL LAND; 1B; OTHER TYPE OF UTILITY; PARK MODEL; 3 STRY UNDEV BSMT; THREE STORY; 2 STRY FIN BSMT
assessor,foundation,18,SKIRTING - WOOD; HILLSIDE - MODERATE; SKIRTING - PRECAST PANELS; POST & PIER; SKIRTING - BRK/STN VENEER; CCP; SKIRTING - CONC BLOCK; SKIRTING - MTL/VIN (VERT); CONC BLOCK; MODERATE CLIMATE; CONC PERIMETER FOUNDATION; SKIRTING - MTL/VIN (HORZ); CONCRETE; SKIRTING - SIDING; HILLSIDE - STEEP; SKIRTING - MTL/VIN (PATTERN); SLAB; WOOD
assessor,exterior_walls,17,CEMENT FIBER; SIDING; PLYWOOD; STAY-IN-PLACE Forming; CONC BLOCK; SHAKE/SHINGLE; GALV METAL; METAL/VINYL SIDING; BAKED ENAMEL; BRICK/STONE VENEER; STUCCO; MASONRY VENEER; LOG; VINYL; EIFS; METAL; BRICK
assessor,roof_covering,15,SLATE; GLASS; BUILT UP ROOFING; COPPER; GALVANIZED; SHAKE; CLAY TILE; GALV METAL; BAKED ENAMEL; WOOD SHINGLE; CONCRETE TILE; COMP - ROLL; COMP; METAL; TILE
assessor,roof_style,5,SHED; PITCHED; COMPLEX; STEEPER THAN 12/4; FLAT
assessor,floor_covering,4,CONCRETE; DIRT; ASPHALT; ALLOWANCE
assessor,floor_construction,7,DIRT; WOOD SUB FLOOR; CONC; ASPHALT; MH-SEISMIC/WIND; CONCRETE SUB FLOOR; WOOD
assessor,interior_finish,11,CEILING INSU; MILD CLIMATE INSULATION; APARTMENT; GARAGE FINISH; OFFICE/APARTMENT FIN; FIN OFFICE AREA; REC ROOM; MODERATE CLIMATE INSULATION; EXTREME CLIMATE INSULATION; MH-DRYWALL; MINIMAL
assessor,heat_air_cond,18,"RADIANT; NONE; HEAT PUMP; HEAT IN I TYPE IMPROVEMENTS; AIR CONDITION; WALL/FLOOR; FORCED AIR, AIR CONDITION; w/f; WOOD STOVE; SPACE HEATER; HOT WATER BAS BRD; HOT WATER - RADIANT; ELECTRIC - RADIANT; SPACE HEAT (OIL OR GAS); FORCED AIR; NO HEAT; BASEBOARD ELECTRIC; ELECTRIC WALL UNITS"
assessor,fireplace,20,S3; D3; S2 - STEEL; GAS STV; S1 - STEEL; FREE STANDING FIREPLACE; DOUBLE 1 STORY; ROOF VENT; WOOD STOVE; D1 - STEEL; SINGLE 2 STORY; D2 - STEEL; SINGLE 1 STORY; PELLET STOVE; D3 - STEEL; S3 - STEEL; WALL VENT; DIRECT VENT; DOUBLE 2 STORY; ZERO CLEARANCE FIREPLACE
assessor,property_type,3,P; R; M
assessor,sale_deed_type,40,Z; TREASURER'S DEED; OTHER; MISC TRANSFER DEED; AFFIDAVIT; ASSIGNMENT OF SUBLEASE; P; PERSONAL REP DEED; COURT ORDER; CP; LACK OF PROBATE; ASSIGNMENT OF LEASE; 2; R; IN; COMMUNITY PROPERTY AGREEMENT; PERSPROP; C; 0; TRUSTEE'S DEED; QUIT CLAIM DEED; GRANT DEED; BILL OF SALE; CONSERVATION EASEMENT DEED; SHERIFF SALE; WARRANTY DEED; EASEMENT; MOBILE HOME DATA; REAL ESTATE CONTRACT; T; DECREE OF DISSOLUTION; MOBILE ONLY; MARRIAGE; UNKNOWN; TRANSFER ON DEATH DEED; BARGAIN AND SALE DEED; DEATH CERTIFICATE; ASSIGNMENT OF SUB LEASE; PURCHASERS ASSIGNMENT; SPECIAL WARRANTY DEED
assessor,fire_district,18,F08; F24EMS; F15; F03; F01; F07; F12; F09; F04; F17; SCRFA 1; F13; F05; F16; F14; F06; F02; F11
assessor,school_district,8,SD311; SD103; SD100; SD317; SD11; SD101; SD320; SD330
assessor,city_district,9,Anacortes; Concrete; Burlington; Mount Vernon; La Conner; Lyman; Sedro Woolley; Hamilton; Skagit County
assessor,levy_code,200,900.0; 1585; 1145; 2730; 1137; 1210.0; 915; 1300; 2725; 1325; 1470.0; 1560; 3417; 1700.0; 1115; 1142.0; 1490.0; 1470; 2305; 1195; 933; 1340.0; 1575; 1570; 2740.0; 925; 2775; 0915; 1105; 1495.0; 1118.0; 3360.0; 934.0; 1112; 1196; 2310.0; 3860.0; 2315; 1805.0; 1800.0; 1327; 1330; 1137.0; 1151; 901; 2780.0; 3352; 1175; 2655.0; 1795.0; 935; 2755.0; 2675; 1112.0; 2730.0; 0931; 931; 1210; 1485; 920.0; 2315.0; 1710; 1110.0; 1565; 3365.0; 2320; 901.0; 0901; 905.0; 1490; 1550.0; 3410; 1125; 1480; 2310; 1500; 2610; 935.0; 1500.0; 1580; 930; 3855; 1560.0; 1790.0; 2655; 1155; 1140.0; 930.0; 3405; 2740; 1330.0; 1485.0; 1335.0; 1135.0; 2765; 1505.0; 1455; 3825.0; 1705; 1105.0; 1155.0; 1555; 1550; 0920; 1805; 3850.0; 1100.0; 2665.0; 2320.0; 2670; 3402; 910.0; 1480.0; 1117; 1495; 925.0; 2610.0; 3365; 3825; 0930; 1150.0; 1460; 0935; 2770; 3400.0; 1457; 1700; 1196.0; 1715; 0932; 3355; 0933; 2775.0; 2670.0; 2805; 3850; 0905; 1795; 2660.0; 1590; 3220; 934; 915.0; 1327.0; 0910; 1790; 1565.0; 1650.0; 2307.0; 1595.0; 2765.0; 1140; 1710.0; 2755; 2307; 0900; 3360; 1115.0; 3220.0; 931.0; 3350.0; 1340; 3405.0; 2305.0; 3352.0; 2770.0; 1110; 1585.0; 0925; 2675.0; 3855.0; 3860; 1580.0; 1335; 2665; 1595; 1450.0; 1590.0; 1800; 1120.0; 1117.0; 2725.0; 1175.0; 1150; 932; 3350; 933.0; 1460.0; 1100; 900; 2805.0; 932.0; 1300.0; 1570.0; 1118; 1455.0; 1120; 2660; 1575.0; 1125.0
assessor,has_septic,2,False; 0
improvements,building_style,69,PM; L; A1; B; M1; SW; J2; 3BU; TL; J3; Y; 2.5BF; 2; 1.5; DX; F2; 2.5; MODUL; F1; L2; B3; COML; DW; 3BF; B2; LP; BL; D; G1; A2; 1.5BF; C1; 2.5BU; MOD; SE; OUTBL; 3B; TRI; B1; 1BU; TW; 1.5BU; L1; J8; SS; TX; A4; PARK; E2; 2BF; 2B; 1.5B; MISC; J1; C; 1BF; 1; GPB.R; X; A6; FX; AP; TH; A5; 3; S; 1B; A; 2BU
improvements,construction_style,23,ATT; CCP (COMP); CCP (FG/MTL/VIN); CCP1; CCP2; CD; CP; CWP (COMP); CWP (FG/MTL/VIN); CWP1; CWP2; DECK; DOCK; FD; METAL FRAME; PATIO; PIPE FRAME; SCREEN ROOM (COMP); SCREEN ROOM (FG/MTL/VIN); SWIM RAFT; TD; WOOD FRAME; WP
improvements,foundation,22,HILLSIDE - MODERATE; SKIRTING - WOOD; CB; CONC; SKIRTING - PRECAST PANELS; SKIRTING - BRK/STN VENEER; DECK; CCP; P; SKIRTING - CONC BLOCK; SKIRTING - MTL/VIN (VERT); MODERATE CLIMATE; CP; SKIRTING - MTL/VIN (HORZ); S; HILLSIDE - STEEP; SKIRTING - SIDING; CWP; C; SKIRTING - MTL/VIN (PATTERN); WOOD; METAL
improvements,exterior_wall,25,BRICK; CEMENT FIBER; SIDING; FIBERGLASS; BKEN; GLASS; POLY; NO END WALLS; PLYWOOD; STAY-IN-PLACE Forming; CONC BLOCK; SHAKE/SHINGLE; PLASTIC; GALV METAL; METAL/VINYL SIDING; S; BRICK/STONE VENEER; STUCCO; MASONRY VENEER; POLY-CARB (GRNHSE); LOG; VINYL; FBRGLS/PVC-VINYL; EIFS; METAL
improvements,roof_covering,21,WS; FG; BKEN; SLATE; GLASS; POLY; COPPER; CLAY TILE; SHAKE; FBRGLS/VINYL; GALV METAL; GALV; BU; VINYL; WOOD SHINGLE; CONCRETE TILE; COMP - ROLL; COMP; CT; METAL; TILE
improvements,roof_style,8,STEEPER THAN 12/4; QUONSET; CPX; PITCHED; P; FLAT; F; SHED
improvements,flooring,6,DIRT; CONC; ASPHALT; GRAVEL; WOOD; ALLOWANCE
improvements,floor_construction,9,DIRT; CONC; ASPHALT; MH-SEISMIC/WIND; WSF; WD; CSF; GRAVEL; WOOD
improvements,interior_finish,22,PARTITION; MILD CLIMATE INSULATION; APARTMENT; GAR; INTR LOFT FF; INT LOFT MIN FIN; INTR LOFT UNF; REC ROOM; EXTR WALL LOFT FF; MODERATE CLIMATE INSULATION; EXTREME CLIMATE INSULATION; MH-DRYWALL; MINIMAL; INT/EXT LOFT UNFIN; FULL FINISH; CEILING INSU; EXT LOFT MIN FIN; WALL & CEILING INSU; OFFICE/APARTMENT FIN; EXTR WALL LOFT UNF; FIN OFFICE AREA; WALL INSU
improvements,plumbing_code,168,"MB, 3QB, 3QB, 2HB; 2FB, 3QB; 3FB; 3FB, 33QB; MB, MB, 2FB; MB, HB; FB, 3QB; MB, MB, 2FB, HB; FB, HB; MB, MB, FB; 3QB, 3QB; MB, FB, 3QB, 2HB; FIX=9; FB, 3QB, 3QB; FB, 3QB, 3QB, 3QB; FB, 23QB; FB, 13QB, HB; 3FB, 13QB, HB; MB, 3QB, 2HB; MB, 2FB, 2HB; MB, FB, 23QB, 2HB; MB,  FB, HB; 1FB; MB, 2FB, 3QB, 2HB; 4FB, 2HB, 2HB; 3QB, FB, HB; FB, 13QB; 2FB, HB, 3QB; MB, 3FB, 3QB, HB; FIX=3; FIX=7; 2FB, 23QB, HB; FB, FB, FB; 3FB, 3QB; MB, MB, MB, HB; FIX=1; FIX=6; FB, 3QB, 2HB; MB, 3QB, FB; 2FB, 3QB, HB; 4FB; 2FB; FB, 3QB, 3QB, HB; FB, FB; 3FB, 2HB; 2FB, 3HB; MB, MB, 3QB, 2HB; 5FB, HB; MB, MB, FB, HB; MB, FB, 23QB, HB; FB, 23QB, HB; 3QB; FB, 3QB,  HB; 2FB, 23QB; HB; MB, FB; 2FB, 2HB; 2FB,  1HB; 3FB,  HB; 2FB, 23QB, 2HB; MB, 3QB, 3QB; MB, 3FB, HB; 3QB, 3QB, 3QB, 3QB, 3QB; MB, 2HB; MB, FB, HB; FIX=16; MB, MB, 3QB, HB; MB, 2FB, HB; FB , 3QB; 4FB, 43QB; MB, 4FB, 3QB, 3HB; FB, 2HB; 2FB, 13QB; FB, HB, HB; L; 2FB,  HB; 3FB, 23QB; 4FB, HB; MB, 3QB, 3QB, 3QB, HB; 5FB; MB, MB, 3FB, HB; FB, HB, 3QB; 3FB, 3FB; MB, 23QB; 3FB, 3QB, 2HB; MB, 4FB, HB; 3HB; MB, 3QB, HB; 2FB, 3HB, HB; FB, FB, 3QB; 4FB, 2FB; MB, MB, HB; 2FB, 3QB, 3QB; FB; 4FB, 3FB; MB, 4FB, 2HB; M; 3FB, 3HB, 3QB, 3QB; 1FB, 3QB; MB, 4FB, 23QB, 3HB; 3FB, HB; MB, FB, 2HB; MB, FB, FB; 2FB, FB; FB, FIX=5; MB, 23QB, HB; FB,  3QB,  HB; FIX=4; FIX=11; MB, 2FB, 3QB, HB; FIX=8; MB, 2FB, 3QB, 3QB, 3QB; MB, MB; FB,  23QB; 5FB, FB; FB, FIX=7; MB, 3QB, 3QB, HB; 33QB, FB; MB, FB, 23QB; 1FB, HB; FIX=5; FB,  HB; MB, 23QB, FB; 2FB, HB; 33QB; MB, 2FB, 3QB; MB, FB, FB, HB; FB, MB; 3QB, 3QB, HB; MB, 2FB, 23QB; FIX=10; FB, 23QB, 2HB; 2FB, 2FB; 4FB, 3QB; MB, 2FB; 33QB, HB; FB, 3QB, HB; 4FB, 2HB; FIX=2; 2FB, 3QB, 3QB, 3QB; 3FB, 3QB, HB; MB,  FB,  HB; MB; 13QB; MB, 3QB, FIX=9; FB,  3QB; 4FB, 3QB, HB; 23QB; MB, 2FB, 3HB; MB, FB, 3QB; FB, 33QB, HB; MB, 3QB; 2FB, 1HB; 2FB, 3QB, 2HB; MB, MB, 3QB, 3QB; 43QB; MB, FB, 3QB, 3QB, HB; MB, 33QB; MB, 3FB; 2HB; MB, 3FB, 2HB; FB, 2HB, 2HB; 3QB, HB; S; MB, 4FB; 2FB, HB, HB; MB, FB, 3QB, HB; 23QB, HB"
improvements,appliances,1,APP
improvements,heating_cooling,23,"NONE; HUM; FA, AC; HP; OUTDOOR - BRACKET MOUNT; N; EW; w/f; SH; SPACE HEATER; WOOD STOVE; AC; BB; BBHW; R; HOT WATER - RADIANT; FA; WALL (Sauna); GREENHOUSE VENT; ELECTRIC - RADIANT; W/F; FLOOR (Sauna); HEAT"
improvements,fireplace,22,S3; D3; D1; ZC; WS; D2; S2 - STEEL; GAS STV; S1 - STEEL; S2; ROOF VENT; WOOD STOVE; D1 - STEEL; PS; D2 - STEEL; D3 - STEEL; S3 - STEEL; S1; WALL VENT; FS; PELLET STV; DIRECT VENT
improvements,condition_code,34,1980; 5; PR; FR; P; A+; 23; E+; A+_; A-; G+; FAIR; AR; 1976; ER; F; MSG; D; DEPRE; VG_; 2001; G; VG; *; +; S; GR; E; POOR; VGR; MSA; A; AV; L
improvements,comment,200,"6/24/25 - no inspection, updating codes, DHW. 8/8/19 NO INSPECTION, JUST UPDATING CODES DH; WELL MAINTAINED, 9/16/BD21........... 7/21/21 TTO 100% Complete ZS 10-7-15 TTO, NEW ENG'D WOOD FLRG 5 YRS, NO OTHER CHANGES; CHANGED MA TO MA2.TL.  11/2/10 ADDED PATIO, MPS.; 10/09/20 DH FOR REVAL, LI, NO APPARENT CHANGES 6/1/15 REVAL INSP: HARDI PLANK SIDING, VNL WDWS, COMP ROOF; 2/13/25 NOH. NEW EXT PAINT. REMOVED LP ADJ AND NOTED IN EFF AGE. AP 12/18/18 - Average roof and paint, vinyl windows, adjustment made for LP damage, DHW.; 5/16/22 Li. New paint. Per listing; 4 bdrm. Per aerial; deck rebuilt after 2017. AO. 5-13-16 Well maint per owner 2 mb, laund rm sink, wet bar sink (law); 9/3/20 LI ZS 10-1-14 NOH, ADDED CP, DIMENS ESTIMATED.TL.; 8-18-25 NEW ROOF, NO OTHER APPARENT CHANGES.TL. 1/24/19 NOH, NO APPARENT CHANGES, DOGS PREVENTED REAR PHOTO DH NO APPARENT CHANGES; Factor 1(212518): MODEL 4664F; Factor 2(212518): CB SKIRTING; Factor 2(212519): FRONT PORCH AREA;; 8/18/20 LI.  Good roof, vin win.  Significant remodel per listing photos. CR. 2-24-15 NOH home has been updated since 4/14 purchase and is currently listed for $214,550. Per listing new paint, roof, gutters, windows, plumbing, electrical, and hot water heater. Added MPS. JP 4/14/2009(BL)TTO-CONFIRMED 2FULL BATH & UPDATING INSIDE/OUT;; 9/3/20 LI ZS 7-1-15 NOH, 100% COMPLETE.TL.  9-16-14 ENCLOSED, SHEETROCK UP, K & BATH CABS IN, NO COUNTERS, FLOORING, LIGHT OR PL FIX. 100% CPLT A/O 7-31-15.  VERIFIED PLAN DIMENSIONS, DID NOT INCL OPEN-TO-BELOW AREA AS UF SQ FT, NEED TO VERFIY PL FIX COUNT.TL.; 7/17/24 +UTILS, KEPT AT E COND AS BRAND NEW, ADJ PLUMBFIX PER LISTING, -CONTG WITH COMMON AREA.  ISL 7/13/24 SFR 100% - ISL 9/6/18: Lot Includes Pre-Built AGAR Unit in Separate Garage Unit perHOA Pres, JT;; NEW 2022 MARLETTE/SHULT 27X56 VIN# UNKNOWN NOW ONSITE AFTER OLD MH BURNED DOWN, 6/2/BD23......;; 11/1/21 Li. Well maint, no changes noted. Per listing; 5-fix primary, 4-fix full & half bath, prep. & util. sinks. AO. 1-7-16 no apparent changes (law); 11/17/20 Li. New roof/paint. Shed on skids noted. AO. 11-13-14 fair roof; 5/15/24 CHANGED TO MSVG+ SIMILIAR TO NEIGH, EXCELLENT BRAND NEW CONDITION, ISL 5/10/24; BH; BOE 23-168: STIPULATION FROM COMP SALES MKT EVID; PLEASE REVIEW/CONFIRM  QUALITY, ALL PROP SPECS, ETC... IN COMING REVAL. ISL FOR NC 7/15/23, SFR COMPLETE DH FOR NC 7/20/22, SFR APPROX 40% COMPLETE; 9/24/20: LI- Changed Quality, Condition, Foundation & Fireplace.   GP;; 10/26/20 Li. New paint/roof. Per listing; 3 bdrm, new int. paint/flooring, no DV.  AO. 8-25-14 new ext paint (law) 03/20/09 ADDED REAR PATIO; 12-21-23 NO CHANGES.TL.  8-30-17 NOH, CORRECTED DECK DIMENS.TL.; 12/17/21 - LI, DHW.  Previous:  DH FOR NEW CONSTRUCTION 2017, VERIFY DECKS AT NEXT INSPECTION; 4/18/25; BOE 24-227BH: STIPULATION FROM COMP SALES MKT EVIDENCE (AND LAND TABLE/VIEW REDUCTION); IMPS REDUCTION IN 2025 AND FORWARD WILL COME FROM SJP PLAT ADJ'S. 2024 REVAL. NO CHANGES NOTED. AP SUSTAINABLE GREEN BUILT HOME, WESTPORT MODEL 2012 REVALUATION; 7.9.24 - DHW.  2/13/18 REVAL INSP: INTERIOR GAR FINISH UNKNOWN. UPPER FLOOR DECK WITH WINDSCREEN. 08/21/2015 NOH/ APPEARS COMPLETE; BG. 5-22-14 NC added new upper story to DGAR, rec room finish, no plumbing, needs flooring. Approx 90% complete. JP 4-5-11 new m/h and dgar (law); 6/15/11 ADDED NEW MPS & ADDED FRONT DECK & PRE-EXISTING PATIO IN BACK;;;Factor 2(199830): REAR PATIO;; 9/24/20 - LI: Changed Foundation, Plumbing & Plumb Fix (MB 4 fix, 2- FB 3 fix). Added Ceiling height for vaulting. - GP; 2-18-15 TTO, BMT 100% FIN'D FB & 3QB W 2 SINKS, ADJ'D REAR DECKS.TL.  BASEMENT TO BE MINPART PER CONTRACTOR; Factor 2(211012): HARDY BOARD SIDING;; 4/1/25: TTFam(OffSite), LC, No Changes Reported, JT; 1/29/19 BH; TTO:  NEW MANUFACTURED HOME IN PLACE 2/13/08; INCLUDED TIP OUT IN SQ FT.; 9/3/20 LI ZS 10-1-14 TTO, 9' CEILINGS, 3 BEDROOMS.TL.; 3/19/25 TTO Picked up existing back CCP, imp shed noted, no changes noted DB 12/19/18 TTO No changes noted. AO.; 6/23/20 TTO; NC DGAR with Unfinished storage loft est 100%. 3 bdrm, 4 fix 3Q master, full bath, half bath, utiltity sink. Add machine shed. AO. 8/29/19 - TTC, NC 85% complete, DHW.; WELL MAINTAINED, 10/12/BD23...... 6/25/19 BH; TTO PHONE: OWNER CALLED AND SUBMITTED PHOTOS OF UNFINISHED BASEMENT - CHANGED/SUPPED TO UNFIN BASE FOR 2016, 2017, 2018 AND GOING FORWARD IN 2019. 11/27/17 BH; NOH: ADDED LOWER PATIO NOT PREV CAPTURED. NEW PAINT 2012 REVALUATION; 104,000 SQFT CORRECTIONAL FACILITY.  SEE EVENTS FOR FULL BLUEPRINTS, PERMITS, ETC.; 10/25/24 New paint & good roof, changed to hillside moderate DB 10/4/18 NOH Expanded rear concrete patio. AO; 5/29/24 G TO A COND, NEW ROOF, NO OTHER CHANGES NOTED ISL 12/12/17 SOME NEW SIDING, RECENT EXTERIOR PAINT. SHAKE ROOF WILL NEED REPLACED SOON. VALUED EXISTING REAR PATIO.  8-4-16 Verify new siding on the south side of house at next reval, permit closed. JP SOME MINOR DETER OF SIDING ADJACENT TO FND.; 9/21/21 NOH.  Older roof, vin win.  CR.; 9-30-20 LI, NO APPARENT CHANGES.TL.  ADDED MPS.  (CZ) (02-05-2015); 2/26/25 NO CHANGES NOTED ISL. 1/7/19: Changed Fireplace to DV. Updated MPS features. - Roof: Average, Windows: Average, Paint: Fair. - GP;    Previous Note: 12/17/08-NOT LIVING SPACE PER OWNER;DGAR ONLY WITH ATT; 7/16/25 SFR@30% ISL 9-6-24 NOH, SHEATHING & WINDOWS, NO ROUGH PLUM OR WIRING, EST'D 20% A/O 7/31, HEATED WORKSHOP W WETBAR, LAUNDRY & 3QB HAS WSF & IS INCL IN MA.TL.; 8/20/20 - LI: No changes noted. ****VERIFY REAR CP WHEN POSSIBLE**** - GP;   2015 REVAL WORN ROOF, NEEDS EXT PAINT; 11/26/24: No Changes Noted, JT; 11/8/18: TTT, LC, AV Sid/Rf/VinWin, Updated Roof & Back Deck, JT; 7 INS VINYL WDWS; 9/2/20: LI- Changed Quality & Condition.  GP; 5/26/15 BH; NOH: NO APPARENT CHANGES.; APPEARS TO BE A MODULAR]; Factor 1(186302): INS AL WDWS;; 23 UNITS, 55+ COMMUNITY; OUT BLDGS; 10/6/20 Li. Good roof/paint. Good cond. Rear paver patio noted. AO. 3/23/15 NEWER ROOF, NEWER EXT PAINT, GOOD SIDING; WELL MAINTAINED, BD10/2/2020.  1/7/15 BH: RE-SKETCHED FRONT ENTRY.; 10-2-20 LI, NO APPARENT CHANGES, MOVED 125% VIEW ADJ TO LAND.TL.  MKT ADJ EQUALS 20% TOP FLOOR & 5% FOR VIEW; 10-4-21 LI, NO APPARENT CHANGES.TL.  3-18-16 TTO, NO UPDATES.TL.; 1/29/25 No changes noted, average condition DB 2/20/19 TTO; New appliances. Roof/2013, Paint/2007, Vinyl windows. Add existing shed. Noted impermanent carport & rear paver patio. AO. 1-15-13 well maint; 3/3/22: TTO, Well Maint, No Changes Noted, JT; 2016 REVAL. NO APPARENT STRUCTURE CHANGES.; 12-21-23 NO CHANGES.TL. 3-6-18 NOH, NO APPARENT CHANGES.TL.; 7/17/24 NO CHANGES NOTED ISL 5-15-14  NC appears complete, verify basement finish at next reval. JP; 2024 REVAL. ADDED EXISTING CP. UPDATED KITCHEN PER LISTING. AP SUSTAINABLE GREEN BUILT HOME, WESTCOTT BAY MODEL; 8/7/20 LI, no significant changes.  CR. 4/25/17: NOH, NC 100%, FB w/4Fix, JT(LAW);; 10-18-21 LI, NO APPARENT CHANGES.TL.  4-19-16.tl.  COMMON AREA - VALUE INCLUDED IN OVERALL PROPERTY VALUE FOR 2014/2015; 5/2/25 - DHW.  2/28/19: TTFam, LC, AV Sid/Rf/VinWin, JT;; 7/23/25. CL.  GUEST HOUSE, SPORT COURT/GARAGE, AND SHOP.; ORIGINAL WD DOCK, RAMP AND PIER SHARED 50:50 BETWEEN LOTS 195 AND 196; 12-18-23 NO CHANGES, REMOVED LUMP SUM ADJ/SHARE OF COMMON ELEMT VAL, BMG 80% ADJ FOR BEING PORTION OF LARGE STRUCTURE RATHER THAN BMG W 4 WALLS.TL. 3-21-18 NOH, ADJ'D SKETCH, CHANGED DECK TO CP, REMOVED $10,000 UNDEFINED MISC ADJ; FLAT-VAL'D BMG AT 1/12 VAL OF FULL 10,202 SF BMG/STORAGE TO GET REALISTIC LOWER $/SF OF WHOLE STRUCTURE (RATHER THAN RUNNING AT SMALLER SF IN EA ACCT); LUMP SUM ADJS FOR (A) 1/12 SH COMMON AREA WALKWAYS, PATIO, STAIRWAYS & (B) 1/12 SH DEPRECIATED 4 STOP ELEVATOR PER M&S.TL.  1/12TH INTEREST IN ELEVATOR(1,800 LB CAP). LUMP SUM ADJ MADE FOR ADDITIONAL COMMON AREAS: ENTRY WALKS, COMMUNITY PATIO AREA, COVERED MAIN ENTRY, 2 STAIRCASES OF 3 FLTS; 5-1-24 KITCHEN REMODEL IN PROGESS AT TIME OF INSP, NO CHANGES FOR THIS REVAL.TL. 1/3/18 Well maintained, good roof. Per listing - sink in laundry. CR.; 8/18/20 LI ZS 9-22-14 TTO, 8' CEIL, NO CHANGES.TL.; 9/22/20: LI, Well Maint, VG Sid/Rf/Win, Back Patio Extension Noted, JT; 9/29/2014-INTERIOR DETAIL VERIFIED BY LISTING INFO, BSMT HAS FINISHED AND UNF. PORTIONS PER SKETCH, RH. 6-26-14 new const only, est ff time 7/31; verify next inspection for source of heat, and optional finish area in bsmt. (see Sketch); plans show 9/10 ft ceiling on main, lr sink (law); 10-2-20 LI, NO APPARENT CHANGES, MOVED 125% VIEW ADJ TO LAND.TL.  MKT ADJ EQUALS 20% FOR TOP FLOOR AND & 5% FOR VIEW BASED ON SALES; 10/8/19 TTO, 3 bdrm, woodstove. Paint 2016, Roof 2009, Vinyl windows. Lean-to expanded. AO.; 1189 SFT THIS CONDO UNIT; 3/10/20 TTO; 3 bdrm, fullbath & 3Q bath. Add small pad. AO. 2/14 WELL MAINT, NO APPARENT CHANGES TO RES, ADDED LTs TO DGAR.TL.; z2024 REVAL. NO CHANGES NOTED. AP 6-4-14 TTO new SFR complete and occupied. JP; 10/6/23 - DHW.; 9/10/24 GATED. NC 100% PER PORTAL. AP 6/15/23. TTO. NC 60%. CL. 6/27/22 NC DGAR with Office loft est. 35% by 7/31/22. AO.; 7/17/25 - DHW.  6/20/19 NOH, ADDED DECKS DH 5/29/14 BH; NC ONLY; TT CONTRACTOR: 100% COMPLETION ESTIMATED FOR 7/31/14 (EXCLUDING DECKS AND BREEZEWAY WHICH ARE NOT ON PLANS - CAPTURE NEXT REVAL). 9-18-13 TTO Just starting a new addition (Permit not in PACS yet BP13-0486 9-6-13 900SF ADU w/breezeway) doing ground work and forming for foundation. Added the additional bay on the GPB. JP Previous notes: OWNER USED RECYCLED DECK WOOD; 4-24-25 NO APPARENT CHANGES.TL. 1-22-19 TTO, NO CHANGES, 1 FB HAS 2 SINKS.TL.  2013 REVAL. NOH. NO VERIFY INTERIOR COMPONENTS.; 11/9/23 No change. AK/CR. 9/15/17: TTO, LC, Well Maint, GD Siding/Roof/VinWin, JT; RESIDED WITH HARDY PLANK/LIGHTED PORCH SOFFITS; 8/19/20 - LI, average roof and siding, vinyl windows, picked up CP, DHW. 4-7-15 TTO, ROOF 3-4 YRS, FB&3QB, SIDING APPEARS OK, NO CHANGES.TL.  7/05-LP SIDING APPEARS TO BE OK.; 1/27/20 TTT; 3 bdrm. Average roof & aluminum framed windows. Dirt floor greenhouse noted. Deck sketches updated/carport added. AO.; 7/25/25 - DHW.  6/5/19 NOH, NO APPARENT CHANGES DH DH FOR NC, SFR COMPLETE 8/28/18 5/11/17 SP FOR NEW CONSTRUCTION: NEW HOME EXTERIOR APPEARS COMPLETE LESS SOME MINOR PORCH DETAIL.  INTERIOR FLOOR COVERINGS APPEAR COMPLETE.  BONUS AREA OVER AGAR FINISH NOT KNOWN .  ESTIMATED AT 90% FINISH.  4 FIXTURE MB, FB, LAUNDRY SINK. HEAT PUMP AND GAS FIREPLACE.; 2/9/24 NO CHANGES NOTED ISL. 8/15/17 REVAL INSP: LP ADJ STILL IN PLACE. COMP ROOF IN AVG COND. MPS ATTACHED TO MA HAS A SAG IN THE ROOF STRUCTURE. 4-17-12 no changes per owner, pellet stove (law) SLIGHT ADJ FOR EARLY LP FAILURE ON WEATHERED SIDE; 11/9/22 - TTO - Person concerned with trespassing property.  Explained authority under RCW 84.40.25. Added CWP with estimated size and age to respect request.  Overall good condition. CL.; 4/22/11(BL) ADDED HEAT PUMP;;;NEWER M-COMP RF,EXT STAIN. DEL CPOR,ADDED LEAN-TO (WD STORAGE). /NWR MTL RF ON CARP Sketch Comment: SKETCH TRANSFERRED FROM FIELD BOOK DIMENSIONS: 5/1/96-KR; Factor 1(186306): ANA INS WIN; Factor 2(186306): NEWER COMP ROOF; Factor 2(186307): NEWER COMP ROOF;; 3-8-22 LI, NO APPARENT CHANGES, PICKED UP DECK.TL.  2/10/11(BL) MOBLET WAS PROVIDED PURCHASE PRICE $78,288 & SET UP DATE JULY 2008. (SPECIAL USE. NO SETUP, NO SITE IMP. ON LAND)//OAKWOOD 56X27 VIN ALB0323500R; 8/22/25 - DHW. 5/15/19 NOH, NO CHANGES DH DH FOR NC 8/28/18 SFR COMPLETE; 3/1/22 DH FOR REVAL, NO APPARENT CHANGES, ADDED SKETCH HANGER BUILDING 2,  2A,2B,2C,2D ON PORT LOT 81 P120186 HANGER BUILDING 1,  1A-P129812, 1B-P129813, 1C-P129814, 1D-P129815, CE-COMMON BATH P127472 ON PORT LOT 81 P120186. ADJUSTED PER BOE 13-32. OWNER STATED PROPERTY WAS LISTED FOR ONE YEAR. HEIGHT IS ONLY 12 TO 13 FEET WHICH LIMITS UTILITY.; DETACHED GARAGE; ADDED 120% SIZE ADJ 10-5-18 NOH, NO APPARENT CHANGES.TL.; 7/17/25. CL.  12X12 NE CORNER FINISHED, SHOP HEATER; 9/3/20 LI ZS 7-1-15 CONSTRUCTION 100% COMPLETE.TL.  9-16-14 ENCLOSED, NO EXT PAINT, INT PAINTED, K & BATH CABS IN, HW & TILE FLOORING IN, NO CARPET, COUNTERS, APP, PLUMB OR LIGHT FIX IN. VERIFIED PLAN DIMENS. 100% CPLT A/O 7-31-15.  NEED TO VERIFY PL FIX COUNT.TL.; 2-7-25 NEW MA EXT PAINT & HP, NO OTHER APPARENT CHANGES.TL. 1-10-19 TTO, NEW ROOF 2018, CHANGED CWP TO CP, REMOVED MPS ON SKIDS.TL.; 11/7/19 TTO briefly. 4 bdrm, 5 fixture master bath & full bath, pellet stove. Add decks. Small pumphouse & shed on skids noted. AO.; 06/05/25 DR, NO APPARENT CHANGES DH 1/11/19 EXPANDED GUEST HOUSE DH AGAR AND MPS CONVERTED TO PHOTO STUDIO; Factor 1(202692): GUEST QTRS;; WELL MAINTAINED, SOLD 3/2023 $775,000, 10/12/BD23..... 10/4/17 BH; OCCUPANTS INSIDE BUT NOBODY CAME TO THE DOOR: ADDED 12 X 15 MAIN AREA AND 12 X 18 REAR PATIO NOT PREVIOUSLY CAPTURED.; 10/5/223 -  DHW.  2/16/18 Good roof, vin win.  CR. PORTION BLD IN 1973 REBLD 2006; 7/2/24 DH FOR REVAL, NO APPARENT CHANGES 1/16/18 REVAL INSP; PER PLANS: 3 BEDROOMS; OFFICE; COFFERED CLG AT KITCHEN; 10' CLGS IN DINING AND LIVING RMS; FP; MB W 4X6 CURBLESS SHWR, 2-3QB ALSO WITH CURBLESS SHWRS. LAUNDRY SINK.; 6/15/11 NEW METAL ROOF NOTED SINCE LAST REVAL ALSO ADDED MISSING UF2 SKETCH & ADDED DORMER IN M/S;;4 NEW VINYL WINDOWS AT GARAGE/SHOP AREA; Factor 1(187577): SHOP AT REAR;; 10/25/24 No changes noted, average condition DB 10/4/18 TTO, per owner 4 bedrooms. AO; 10/6/23 - Changed view from AV to NV per onsite inspection, DHW.; 10-4-21 LI, NO APPARENT CHANGES; CHANGED METHOD TO SFR.TL.  2-2-16 NOH, NO CHANGES, ADJ'D REAR DECK DIMENS.TL.; PER MOVEMENT PERMIT MP15-17 MOVED FROM P21298 TO COACH CORRAL INVENTORY ON P29357, BD15...... 2015 REVAL. PORTION OF DECK GONE. ADDED CWP TO OTHER PORTION; ADDED PER PERMIT VALUE. -AC; 2024 REVAL. NO CHANGES NOTED. AP/TL 5-22-14 Gated, no access. Could see new roof, added MPS (potting shed), verify dimesions at next inspection. JP 7/12-Previous notes:HOME REMODELED 2007, SLAB GRANITE, NEW CABINETS, STAINLESS APPLS, OLD DGAR REMOVED, ADDED NEW DGAR.; 6/24/25: TTO, LC, Previous Updates Noted, Back Deck Removed, JT; 5/22/19-ADDED COVERED FRONT DECK, MH IN GOOD CONDITION, RH.; 5/21/25 NOH New rear CP, removed deck, no other changes DB 3/22/19 NOH. No changes noted. AO. 6/18/14 NEW CONSTR COMPLETE(WHATCOM HOUSING AUTHOR.-SELF HELP)8-14-13 new const for 2013, 0% started at 7/31;not measured but sketched, info entered per plans(plans in drawer);verify quality and porch type next insp; flat valued at zero (law); 10-4-21 LI, NO APPARENT CHANGES; CHANGED VALUATION METHOD FROM CDT TO SFR.TL.  2-9-16 NOH, REAR CCP SCREENED, NO APPARENT CHANGES.TL.; WELL MAINTAINED, L/I, 9/16/BD21......... 10-8-15 NOH, NO REAR ACCESS, NO APPARENT CHANGES.TL.  11/2/10 ADDED PATIO & MPS.; WATER TANK ONSITE; 3/24/22 TTO Vinyl Windows, Radiant Heating and Continued Good Maintenance Reflected in the Eff. Age & Condition ZS 2017 BOE-RULING FOR REDUCTION BASED ON INDEPENDENT APPRAISAL, RH. 1/9/2018-Changed from WSF to CSF and two plumbing fixtures added per 1/2017 appraisal submitted for 2017 BOE. Also noted in appraisal; Meticulously maintained with recent updating noted. Updated roof, water heater, all carpeting, but-in audio and Cat 5 wiring throughout, interior paint, kitchen (flooring, island, counter tops, back splash, stainless appliances, wet bar, sink fixtures, and finish hardware) and bathrooms (counter tops, back splash, sink fixtures, and finish hardware) etc., rh. 02/22/2016 (CZ) -NOH- FIELD MEASUREMENT AND MODIFIED DIMENSIONS OF FRONT AND REAR CCP'S, AND MPS.  OVERALL VERY GOOD COND/MAINT.  PLEASE VERIFY RADIANT HOT WATER HEATING SYSTEM AT NEXT REVAL. 9/17/10(BL) ADDED PATIO EXTENTION IN BACK.; 10/6/20 Li. Ave. roof/paint. AO. 2015 REVAL GOOD ROOF AND EXTERIOR, ADDED MPS; 8/27/20 - LI, very good exterior, merged effective age between origingal build and 2017 post fire remodel, DHW.  8/12/2019: DP 17-64 RESIDENCE PARTIALLY DESTROYED BY FIRE 11/11/2017 FM #2017-0116834 CLAIM CLOSED DUE TO INSUFFICIENT INFORMATION SM  4-9-15 TT RELATIVE, FB 3QB & HB, NO CHANGES, REMOVED CP.TL.  4/27/9- AGAR HAS AN UNFIN INTERIOR; REMOVED FINISH COMPONENT FOR 2010; 8/18/20 LI ZS 9-24-14 NOH, CHANGED REAR CP DIMENS.TL.  PLAN 1521 RIGHT; 8/7/20 LI - Older roof, hardi siding, vin win.  CR. 1-13-15 putting in drains around home, roof appears to sag, rear deck has been replaced with a patio. Updated vinyl windows noted. JP; ADDED WINDOWS, HVAC, INT. FOR I-520 2017. ADJ QUALITY 2016 INTERIOR IMPROVEMENTS AND HVAC; 4/7/22: TTO, No Changes Noted, JT; OUT BLDG W/P7549 / ADDED 12 X 14 GRNHSE; LOCATED AT 31661 CEDAR FLATS LN/P#40874; WELL MAINTAINED NEWER HOME, RAIN CATCHMENT/ RETENTION SYSTEM AND SOLAR ADDED, VERY GOOD SKAGIT VALLEY VIEW, 5/2/BD25.........6/21/19: NOH, Well Maint, GD Sid/Rf/VinWin, Added Back Deck, JT; 2016 NEW CONSTR. SOME MINOR PORCH / DECK WORK LEFT. RUN 100% TALL CRAWL SPACE. 8-24-15 TT RELATIVE, FOUNDATION POURED, EST'D 15% A/O 7/31/15.TL.; 3/31/23 NO CHANGES NOTED. AP/JT LOT 192.  A-FRAME. 11/22/16 REVAL INSP: PLYWOOD SIDING, VNL WDWS, COMP ROOF IN GD COND.  LOW OVERHEAD UF2 VALUED AS LOFT.; 3/22/23 REMOVED FRONT DECK. CHANGED DGAR TO MPS. AP/JT LOT 31.  11/21/16 REVAL INSP:  PANABODE STYLE LOG HOME /HIGH CRAWL SPACE NO BSMT.  VNL AND ALUMINUM FRAMED WDWS, COMP ROOF IN AVG COND, DECKING IN POOR COND.; 8/20/20 - LI: Changed CCP size. - GP; 2015 REVAL NEWER PAINT, ROOF WORN, VINYL SIDING IN GOOD CONDITION; 6/2/11 CORRECTED UF2 WHICH RUNS FULL LENGTH 16X34 LENGTH OF BACK OF HOME;;; A-FRAME HSE W/T-1-11 SIDING.EXTERIOR PAINTED '99.; Factor 2(1175): REAR PATIO;; SMALL STORAGE 2001 LITTLE OR NO VALUE; 2/17/23 Vinyl Windows, Added More Windows, New Paint, Very Good Maintenance and Prior Upgrades Reflected in the Eff. Age & Condition ZS 12/2/2016 (CZ) -NOH- NEWER VINYL ROLL UP DOOR AND WINDOWS, COMP ROOF, AND EXT. PAINT.  INTERIOR FINISH IS UNKNOWN.; WELL MAINTAINED, L/I, BD10/2/2020.  1/13/15 BH: ADDED NEW MPS (2011 FIRST PICTOMETRY APPEARANCE) AND RE-SKETCHED/EXPANDED REAR DECK.; 12/28/20 LI Good Roof, Hardie Siding, Vinyl Windows and Added Heat Pump ZS 8/12/14 BH: NO APPARENT CHANGES. CAP SANTE LR PLAN; LAUNDRY RM SINK.; P24011 (SFR) RAN CONTIG WITH P125043 (BARN), 1.02AC TOTAL, L/I, 2/17/BD21......  2016 reval. no struct changes      LOFT BARN / NOT PREV ASSESSED? / PROPERTY SEG AND BLDG NO WHERE TO BE FOUND. REVALUED.; 2/13/25 NO CHANGES NOTED. AP 12/18/18 - Average roof, vinyl windows, vinyl siding, fair exterior, DHW.; 6/13/25 No changes DB 4/12/19 NOH, No rear access. New roof & paint. AO.; WELL MAINTAINED , BD9/21/2020......... 9/17/14 BH: DOWNGRADED QUALITIES TO MSA+ AND MSA FROM MSG AND CONDITION FROM VG TO GD; FILTHY HOUSE AND FURNACE BUT NO SIGNIFICANT DEFICIENCES AS A SHORT SALE.   NOTE HISTORY: Permit #23186 Install mechanical chair lift.; 10/20/20 DH FOR REVAL, LI, NO APPARENT CHANGES, RESKETCHED DECK 3/3/15 REVAL INSP: VNL WDWS, AND SIDING, COMP ROOF. WELL MAINTAINED.   ADDED CEDAR STORAGE SHED, 2/05.; 10/25/24 Moss on roof, no changes noted DB 10/19/18 NOAnswered. Updated rear deck sketch. AO. MPS is mechanical room with exterior access.; 6/23/25: NOH, MH Enp Addition & Covered Deck & DGAR Covered Porch & Back Sheds Added, JT; 12/14/18 BH; TTO: OLDER MHO P134399 CONFIRMED GONE (CURRENT OWNER DOESN'T KNOW IF/WHERE IT RELOCATED IN SKAGIT COUNTY); ADDED OLDER SHED BLDGS NOT PREV CAPTURED; PLUMBFIX = 13 INCL 4 FIXT FB AND LAUNDRY SINK.   8/21/18 NC - mobile home setup complete.  CR.; 6/12/24 - DHW.  7/10/20 - NC, TTO, no start on GPB, (PLANS IN DRAWER), DHW.   3/25/19: TTO, LC, Well Maint, VG Sid/Rf/VinWin, JT; NO APPARENT CHANGES; 8-18-25 REMOVED MSHD.TL. 6/27/24. NC change of use to ADU. CL.  1/25/19 NOH, NO APPARENT CHANGES DH 1/24/13: COMP ROOF IN VG COND; SOME VNL WDWS; MTL SIDING AND COMP DECKING.  ADDED LEAN-T0 IS A HAY COVER IN FENCED AREA FOR 2013.  1991 MH PLACED ON SITE IN 2005; 2-20-25 MH LIKELY BEING DEMO'D & RENOVATED, DUMPSTER ON SITE HALF-FILLED W SHEETROCK, INSUL ETC; USED 70% PHYS ADJ.TL. 12-5-18 TTO, 2FB, WOOD STOVE, MEASURED & SKETCHED.TL.  TO ADD CODU WHEN VALUE ADDED 8 VNL WDWS; 3 BEDROOM;; 6/13/25 Picked up newer rear deck, roof looks new, no other changes DB 4/15/19 NOH. No rear access. New paint, average roof, vinyl windows. AO.; 10/15/24: No Changes Noted, JT; 10/19/18: TTO, LC, AV Sid/Rf/VinWin, JT; NEW DISHWASHER,WTR HEATER AND RANGE '02, SOME WTR DAMAGE FROM OLD WTR HTR LEAK HAS 1-15-13 good ext paint/siding (law) BEEN REPAIRED..SP ALSO ADDED 8X8 MPS; Factor 1(203634): MODEL # 28640; Factor 2(203634):  9VW,SHT/RCK TXT; 07; 2-13-25 NO APPARENT CHANGES.TL. 11-16-18 TTO, HB, EW, WALL & CEIL INSUL.TL.  NEW FOR 2014 NEW CONSTR.; S2 IS BIRD CAGE /; 3/22/23 NO CHANGES NOTED AP/JT LOT 18.  11/21/16 PANABODE STYLE LOG HOME: ALUMINUM FRAMED WDWS, COMP ROOF IN VG COND.; 9/22/20: LI, Well Maint, VG Sid/Rf/Win, JT; CORRECTED SKETCH, BD09.....; 6/4/25. Remove LT. CL.; 6/4/21 LI Okay Roof and Vinyl Windows ZS 9-16-14 TTO, 9 FT CEILING, 1FB HAS 2 SINKS.TL.; 11/6/24 No changes, moss on roof DB 10/19/18 TTRenter, added rear patio, AO.; 5/16/22 Li. Foundation detail updated. Good cond. AO. 3-16-17 removed value of unf sub bmst area to unf tall crawl, dirt fls (law) 6-22-16 added sub unf bmst area, not previously valued (law); ADA EQUIPPED RESIDENCE. LARGE KITCHEN W/MAPLE CABINETS, FORMAL DINING RM, 80% PERGO LAMINATE FLOORS.; 5/28/25 No changes DB 4/1/19 NOH. No changes noted. AO.; 11/3/22 NOH. Good paint, 2 broken windows. AO. 11/10/16 Alum win, older roof. CR. LOCATED ON P#106640. OLD PRE-HUD SINGLE WIDE, MOSTLY ORIGINAL AND IN AVG/GOOD CONDITION DUE TO ROOF COVER AND REGULAR MAINTENANCE. SINGLE PANE ALUMINUM WINDOWS, SOME INTERIOR FLOOR SETTLEMENT NOTED AT KITCHEN, MUSTY SMELL THROUGHOUT. CORRECTED VALUE FOR 2014 DUE TO OWNERS COMMENTS REGARDING CONDITION, ETC., RH.; 2010 SKYLINE GREENBRIER; RV STORAGE 100% FOR 2023.  WAREHOUSE/OFFICE 60% FOR 2023, MOVED TO P137025.-AC; 2024 REVAL. NO CHANGES NOTED. AP 8/4/21 DH FOR NC, SFR COMPLETE; 9/24/20 - LI: Changed Quality, Foundation, Fireplace, Plumbing, Plumb Fix (MB 5 Fix, FB 5 fix, 3QB 3 fix, 2 HB + 2nd kit sink) & Heat per previous listing.  Changed Deck Quality's. Changed CWP shape. - GP; 2-18-15 NOH, ADJ'F FRONT PORCH TO INCLUDE DECK.TL.; 10/8/21 - corrected CARP and GPB dimensions with aerial measurements, DHW.  ADDED MSHD AT REVAL; 10/15/24: No Changes Noted, JT; 10/17/18: TTFam, LC, AV Sid/Rf/VinWin, JT; 13 VNL WDWS;  5 BEDROOMS,SH/RK-TXT;; 10/11/21 - LI, average exterior, picked up GREENH, 2 RC per aerial measurements and actual age, DHW.  2016 REVAL NO APPARANT CHANGES; 11/14/24. CL.; 5/1/15 BH; NOH: RE-SKETCHED/CORRECTED UF2 TO REFLECT VAULTED CEILINGBH/CORRECTED AGAR.; WELL MAINTAINED NEWER SFR,  10/18/BD24......DH FOR NC 9/10/18 SFR COMPLETE, 4 FIX MB, 3 FIX FB, HB; 2/4/02 - PARK MODEL NOT PREVIOUSLY ASSESSED. PARK MODEL HOOKED UP TO SEW/WTR, OVERHEAD POWER FROM SHOP METER - 12/8/05 Sketch Comment: SKETCH FROM ON-SITE MEASUREMENTS-FINISHED SF CALCULATIONS WERE MADE BASED ON EXTERIOR DIMENSIONS ONLY & MAY INCLUDE UNFIN AREAS, OPENINGS IN FLOORS NOT ASSOCIATED WITH STAIRS, OR OPENINGS IN FLOORS EXCEEDING THE AREA OF ASSOCIATED STAIRS.-KR; Factor 1(191746): MODEL 4060; Factor 2(191746): YR ESTIMATED;; 2024 REVAL. NO CHANGES NOTED. AP/TL 9-10-2015 NC / New SFR 100% complete; BG.; 11/22/21 LI Vinyl Windows and Continued Good Maintenance Reflected in the Eff. Age and Condition ZS 11/25/2015 (CZ) -TTO- NEWER GARAGE DOOR SINCE LAST REVAL.  LAMINATE WOOD FLOORING THROUGHOUT AND TILE FLOORING IN KITCHEN (2010).  MODIFIED DIMENSIONS OF REAR DECK. 7/29/10: HARDI PLANK SIDING; ABOUT 10 YRS LIFE REMAINING ON ROOF; DECK IN AVG COND; 8/8/25 - DHW.  Factor 1(213177): NEWER SHAKE ROOF; Factor 1(213178): NEWER SHAKE ROOF;; 10/25/24 New roof since last reval, good paint, changed to hillside moderate DB 10/4/18 NOH No changes noted. AO.; 8/31/21 NOH.  Good roof, vin win.  Carp converted to dgar.  CR.; COMPLETELY RENOVATED FROM STUDS OUT, LARGE ADDITION AND CONVERTED CARP TO AGAR.; 8/7/20 LI ZS 10-17-14 NOH, NO APPARENT CHANGES.TL.  MODEL HOME W/$23515 OPTION PACKAGE; 9/30/20 - LI, average to good exterior, vinyl windows, picked up CP with aerial measurements, DHW.  2015 REVALUATION- ALL NEW HARDIE PLANK SIDING AND PAINT.   2/3/9- LP DAMAGE SOMEWHAT REPAIRED (STILL SOME LP ADJ REQUIRED); RECENT GD QUALITY PAINT ON EXTERIOR; 11-18-24 NO APPARENT CHANGES.TL. 10-12-18 TTT, CHANGED REAR DECKS TO CPs.TL.; NEW SFR 100%, 9/4/24 ISL; 8/25/20: LI, Well Maint, GD Sid/Rf/VinWin, JT; 1-29-15 TTO, ROOF 10 YRS, ADDED AC, ADJ'D MPS & CARP DIMENS.TL.  Factor 1(202402): 13VNL,3BED; Factor 2(202402): REC ENTRY;; 9/3/20 LI ZS 9-5-14 TTO, NO UPGRADES OR CHANGES.TL.; 7/18/24 NOH Picked up new CCP per aerials, very good condition DB 2/7/18 - House completed in very good condition, DHW.; 7-22-24 NC, TTO, DGAR 100% COMPLETE.TL. 5/31/23 TTO.  Detached garage NC 55%.  AK. 7/25/22 NH. Partial frame. 10%. CR. 11/19/20: LI, Well Maint, GD Sid/Rf/Win, Previous Updates Noted, JT; 2015-ALL OF PREVIOUS ADDITION AND/OR REMODEL APPEARS COMPLETE, RH. 2009 CLOSET ADDITION TO MSTR BEDROOM.  2010 ADDITION/REMODEL OF LAUNDRY, EXERCISE ROOM, OFFICE;INFO FROM WEB SITE PERMIT TAB. EXTENSIVE CONCRETE PAVER PATIO AND CONCRETE FRAMED RAISED BED GARDENING NOTED AT REAR YARD, RH.; 4/23/25 Inspected by CL, no changes noted. JP 5/29/19 Well maintained.  CR.; 7/22/25 DR, NO APPARENT CHANGES, DH 8/29/22 NC TTO. 100%. CR.   7/15/21 - NC, TTO, no start, DHW.  12/19/18 NOH, NO CHANGES SINCE NC DH DH FOR NC 8/2/18, SFR COMPLETE; 8/20/20 - LI: Changed Condtion. New roof & paint since last inspection. Did not value plastic MPS. - GP;     2015 REVAL PAINT AND ROOF ARE WORN, SOME SIDING DAMAGE ALONG FOUNDATION; 3/1/22 DH FOR REVAL, NO APPARENT CHANGES, ADDED SKETCH BUILDING ONLY HANGER 2 P129775, ON BSP LOT 2 P123354, ON PORT LOT 80 HAS APT IN BLDG; SEE CONTIGUOUS LOTS P118087 (LOT 5) AND P118088 (LOT 6), 7/3/BD25............ 5/10/19: NOH, New GPB 100%, Moved Shed & Greenhouse From P118087, JT;; 9/28/21 Li. AO.; 8/4/20, 6/4/21 TTO Okay Roof, Vinyl Windows and Added Backyard CP ZS 10-15-14 TTO, 2 FIREPLACES, MB, 3FB, HB.TL.; 5/23/25 Imp MPS & AC noted DB 4/1/19 NOH, Noted impermanent shed. AO.; 9/30/20 LI Hardi Siding, Added DVFP, Granite Counters, Changed 2FB, HB -> MB, FB, HB ZS 11-10-14 NOH, CHANGED AGAR TO GBI, NO APPARENT CHANGES.TL.; 3/28/23. NOTED EXISTING SHED AP/JT; 10/8/19 TTO. 4 bdrm, 5 fixture master bath & 4 fixture full bath. Half bath in garage loft (no kitchen), Vinyl windows, Average+ paint, Average- roof. AO. 22-14 TTO upper level of DGAR is apt finish, son lives there. JP; 7-21-25 TTO, NO CHANGES.TL. 7/12/19 TTO, NO APPARENT CHANGES DH M/S ESTIMATE INCLUDE B2; NO OTHER APPARENT CHANGES; 6/9/11 PICKED UP NEWER DGAR W/ FINISHED BONUS ROOM ABOVE BUILT IN 2006, CORRECTED DECKS;;;RECENT COMP ROOF, DECKS, CPOR AND ENTRY STEPS '06. FRONT LOWER DECK HAS BEEN REBUILT TO A SMALLER SIZE; 12/10/24: Back Shed Added, JT; 10/4/18: NOH, Well Maint, GD Sid/Rf/VinWin, Enclosed Carport to Garage, Added Back Deck, JT; VG MAINT/CLN; Factor 1(213964): 12 INS VINYL WDWS;; NEW FLOOR COVERING IN LIVING ROOM, KITCHEN AND BASEMENT.; 1/5/21 LI Original Roof and Vinyl Windows ZS 7/29/14 BH: ADDED A SECOND FIREPLACE (S1).; 7/3/24 DH FOR REVAL, NO APPARENT CHANGES DH FOR NC 7/20/21, SFR COMPLETE; 5/2/25 - TTO, changed quality per MLS, picked up RC and extended RC with merge EA, DHW.  2/28/19: NOH, AV Sid/Rf/VinWin, Added Roof Cover, JT; HIGH CRAWL SPACE NO BSMT; 9/3/20 LI Added HP ZS 6/8/16 NC 100% complete. CR. 7/1/15 FOUNDATION POURED, EST'D 20% CPLT BY 7/31/15.TL.; 4/25/24 DW; BOE 23-258: STIPULATION FOR COMP SALES MKT EVIDENCE; DBLCHECK QUALITY, DEPREC, ALL PROP SPECS, ETC...ON BOTH IMPS SEGMENTS NEXT REVAL.    10/12/21 LI.  Good roof, vin win.  CR. 17313 COLONY ROAD; 2018 NC - CONV MARKET AND GAS, ESPRESSO STAND; 9/30/20 - LI, average roof and siding, vinyl windows, DHW.  2015 REVALUATION- NEW ROOF AND PAINT.    2/3/9 LP DAMAGE REPAIRED, GD QUALITY PAINT ON EXTERIOR.; 10/6/20 Li. New paint, ave. roof. Shed noted. AO. 2015 REVAL NEWER ROOF, GOOD EXTERIOR; 9/28/20: LI- No changes noted  GP; 12-17-14 NOH, CHANGED TO VINYL SDG.TL.  WELL MAINT; 11/18/21 - LI. Good condition. CL.; 1-8-24 NO CHANGES.TL. 8-11-17 NOH, NO APPARENT CHANGES.TL.  UPPER LEVEL CONDO UNIT 1505 W/BSMT STORAGE; 1/8/16 BH; TT ATT EMPLOYEE: JIMMY JOHNS FULLY FINISHED AND OPERATIONAL - 85% FINISH ADJ REMOVED.  NOTE HISTORY: NOW TWO SPACES, ATT RETAIL STORE AND JIMMY JOHN'S RESTAURANT ( IN PROGRESS) CHECK RESTAURANT OCC, DEPRECIATION AND QUALITY ON REVAL; 5/23/25 No changes DB 4/1/19 NOH, Add expanded rear patio. AO.; 1/4/22 DH FOR REVAL, NO APPARENT CHANGES * SKETCH IN FOLIO 2009 N/C; 3/7/25 No changes, average condition DB 1/29/19 TTO 5 fixture master bath & 3Q bath, Paint 2016/Roof 2014. AO. 1-11-13 well maint, good ext paint/siding; 10/6/20 Li. Well maint. No changes noted. AO. 2015 REVAL NEW ROOF, NEW EXT. PAINT, GOOD SIDING, WELL MAINT; 10/3/24 Side deck has been shortened DB 10/11/18 NOH, AO. 7/8/2016  N/C WAS 45% NOW 100% - BD16.....MASTER BATH HAS DOUBLE SINKS, STOOL, TUB/SHOWER, BD16.               8-18-15 SIDING ON, ROUGH PLUMB, HEAT & WIRING IN, NO INSULATION, EST 45% A/O 7/31, NEED TO ADD DECK WHEN DIMENS CONFIRMED, PLANS BACK IN DRAWER.TL.; 5/3/19: NOH/NA, AV Cond Outbuildings, JT;; NEW SFR NOW 100%, 8/4/BD23.......... 8/16/22 DH FOR NC, SFR APPROX 60% COMPLETE; 5/29/24 E TO VG COND, NO OTHER CHANGE ISL 5/13/21 BH; BOE 20-217; TTO PHONE; STIP FROM FEE APP. BUT ALSO PROPERTY CHG'S FOR  NEXT REVAL: PLUMBFIX = 19 INCL MB, 2X3QB, 3 RI'S,  XTRA LAUNDRY HOOK-UP, LAUNDRY SINK, KITCH PREP SINK, & 2 WET BARS; REAR TOP FLOOR DECK PARTIALLY COVERED BUT HAS SIDE CATWALKS/WO RAILINGS FOR WINDOW WASHING SO AVG QUALITY; BSMNT HAS 1 INTERIOR LOAD-BEARING WALL, SHEETROCKED WALLS-CEILING W/ ONLY 1 LAYER TAPE AND MUD BUT CONC FLOOR AND 7' CEILINGS SO VALUED AS UNFINISHED BUT GD QUALITY.        9/18/19 DH FOR NC, VALUED OFF PLANS DH 11/16/17 reval insp: BSMT finished area ran as fair quality due to 7' ceiling. Bsmt rv garage finish 16' celiling is valued as vg quality. Hardi siding. Per builder: 8 ft ceiling on main. Home to be finished by Feb 2018. 6/19/17 NC - Getting roofed/framed.  Est 50% complete by 7/31/17. Top floor ran as MA2 with UF2 below, bottom floor unfinished basement/BMG. 2x bar sink, 1x util sink. Verify porches/quality next inspection. CR.; 11/18/20 LI Good Roof, Hardie Siding, and Vinyl Windows ZS  8/13/18 NC 100%,TTO, AO. 5/22/17: FoundOnly, 3QB w/4Fix, UtilSink, Sketch & Info perPlans, Verify All Dimensions & Components Next Insp, JT;"
land,land_type,13,WET WOODED; TIDELAND; WET; BAKER VIEW; TIMBER; HOMESITE; GRAVEL PIT; CLEARED; CONVERTED LAND SEGMENT; WOODED/BRUSH; SWAMP; SITE IMPROVEMENTS; CONVERTED DELETED LAND SEGMENT
land,appraisal_method,5,ACREAGE; Front Foot - Average; LOT; FLAT; FLAT PRICED PER LOT; SQUARE FOOT
land,open_space_appraisal_method,1,ACREAGE
land,land_segment_comment,200,"ADJ FOR MORGAN CREEK; SITE IMPROVEMENT 50 UNITS @ 9K.; CONTG W/P57763; HTA FOR 32ND ST; 5/22/19: Contig w/P41405, SIZE Adjustment Applied, JT;; PTN OF MAPLE ST; REDUCED DIKE SETBACKS, UNDEVELOPED; LOW BANK SKAGIT RIVERFRONT LOT IN FLOODWAY W/ MOBILE HM; NO POWER IN AREA AND UNCERTAIN ABOUT CONDITION OF SEPTIC AND WELL; LARGE FOR A REC LOT.; *SITE.INDEX=090 *VALUE.100PC=2020; IRREG PARCEL CONTIG W/P37935; ADJUSTED FOR STEEP AND WET AREAS; WELL MAINTAINED, SOLD 7/2015 $258,000, ANY CHANGES PER LISTING, L/I, 2/17/BD21......; WET ACREAGE FROM THE OLD DAY CREEK CHANNEL THAT IS STILL SOMEWHAT ACTIVE; LEVEL CLEARED PASTURE-SKAGIT RIVER FRONTAGE; Removed BU3 per Previous Note; CONTIG WITH P50164; TIDELANDS -VALUE W/P65489; REMOVED 75% LOCATION ADJ FOR REVAL. -AC; ADJUST FOR AG ZONING /SIZE/LOCATION; HTA FOR SR20 NOISE; LOC FOR BEING BETWEEN SR20 AND INDUSTRIAL USE AREA; EXCESS ACREAGE VALUED W/P48395; MINIMAL PARTIAL LAKE VIEW.; CONTIG TO 28957; *SITE.INDEX=110 *VALUE.100PC=9270; ADJUSTED FOR LACK OF WATER RIGHTS. NO VIEW OF VALUE; Portion of Joe Leary Slough; VALUED CONTIG W/ P68458; LAKE MCMURRAY VIEW/FRONTS STATE ROUTE 9. ADJ FOR SMALLER LOT SIZE/acreage size corrected per legal desp and mapping. (law); Waterfront - adjustment for across roadway. Contiguous building site with 31342. Contiguous waterfront; 27 LOT DEVELOPED VALUED W/P#42915; VIEW OF CHANNEL AND RAINBOW BRIDGE.  STEEP TOPOGRAPHY AND FOOT BRIDGE ACCESS IS PARTIALLY OFFSET BY THE VIEW.  LIMITED ON SITE PARKING.  BLUFF AT REAR HAS POTENTIAL FOR EROSION, BUT NO APPARENT ACTIVITY AT THIS TIME.; ADJUSTMENT FOR 2.704% INTEREST IN COMMON ELEMENTS PER AF#202206210018; ADDED SITE IMPROVEMENTS FOR 2ND M/H, BD19.......EXCESS ACREAGE; NO NOTED CHANGES, 3/3/BD23.........TIDAL MARSH LANDS OUTSIDE DIKE, PER GIS ACREAGE IS 4.89 PREVIOUS ACREAGE WAS 24.28, BD16...; EXCESS ACREAGE VALUED W/P#50604; Adj. for barelot developement and additional development cost for slope.; 2/9/22 added additional acre to the wash area, river has taken additional land. JP; ADJ FRONTS D AVENUE; BOE RULING ON 04/01/98,SITE SIZE REVISED FROM .47AC TO 1.29AC,THIS PARCEL ESTABLISHED AS ONLY BUILDING SITE BY MEETING ZONING REQUIREMENTS FOR 2.5AC MIN WITH CONTIG PARCELS P73445 AND P73446-DMT; ABANDONED PS & BAKER RIVER RAILROAD RW; LOW BANK WATERFRONT FRONT FOOTAGE VALUED WITH 61677, 61679 (176 feet total); *SITE.INDEX=110 *VALUE.100PC=400; Excess land to homesite on P20240; 8/2/19: Updated Utils.  GP;; EXCESS TO HOMESITE ON P15653; PAVED AREA ONLY, REMAINDER IS EXCESS; LAND VALUE REFLECTS UNIT FOOTPRINT & SHARE IN ALL COMMON FACILITIES; Contig w/P71351.; RECREATION SITE; BRUSH,TREES NEAR RIVER; Tract F until further infrastructure is developed per AF#202402140068; PARTIAL LAKE VIEW / GOOD TERR. VIEW; 7/3/17 HOME NOW COMPLETE ON PARCEL, REMOVING BOE ADJUSTMENT AND ADDING UTILITIES; LOW DITCH AREA; CONTG TO P52108, ADJ FOR VIEW PTLY OFFSET BY TRAFFIC NOISE.; LEVEL-PARTIALLY CLEARED; WAS .65 ACRES TOTAL  - TOTAL OF 4 PARCELS APPROX 2.74+-ACRES AQUIRED BY CITY OF SEATTLE, HAS .16+- AC STRIP ALONG ROAD PARTIALLY IN FLOOD PLAIN, REMAINING .49+- AC IS FLOODWAY AND SEASONAL SLOUGH, BD19......; SEATTLE CITY LIGHT R/W - POWER LINES; SOLD 7/2023 $789,000, 10/12/BD23......SIZE FROM PLAT MAP; BIG LAKE WFT HOMESITE, SPLIT BY PRIVATE ROAD; COMMERCIAL PROX; TIDELANDS VALUED W/P#61708; LEVEL SITE MOSTLY CLEARED PASTURE; 180 Degree WEST facing views; CONTIG W/ P66769; .56A TOTAL.; Lot size adjustment. Traffic adjustment for Fir St.; LOT #183 ISLARGE LEVEL, WOODED LOT W/ ACCESS ON NE SIDE OF CREEK; (CREEK RUNS THROUGH,  SEPARATING LOT 183 FROM OTHER 3 LOTS 184-186). LOTS #184 - 186 LEVEL BUT MOSTLY WET, NO SITE WORK, CREEK/CULVERT CROSSING REQUIRED FOR ACCESS.; *SITE.INDEX=133 *VALUE.100PC=1650; 11/27/19: SIZE Adj for Smaller Lot, JT;; EXCESS ACRE VALUE; *SITE.INDEX=111 *VALUE.100PC=420; 12/14/16 HOMESITE ADJ FOR ADDITIONAL PWR UNIT FOR MH; CLEAR LEVEL ACREAGE WEST OF RR. PLANTED IN BLUEBERRIES; LEVEL CLEARED LOT W/ LARGE GRAVELLED AREA AND DRIVE.; CLEARED CASCADE RIVERFRONT SURPLUS LAND; SAME OWNERSHIP W/ P45975; GOVERNED BY CONSERVATION EASEMENT AF#200104020123 TO SKAGIT LAND TRUST.; NO CHANGES,  12/2/BD22.....CONT 1; CLEARED LEVEL FARMLAND; ANIMAL SHELTER PORTION; 6/3/19: Updated Utils  GP;; PRODUCTIVITY REMOVED PER AF#201508050042 FOR FUTURE BLA; USES SKY22 VALUE TABLE WITH LOC ADJ; BIG LAKE VIEW HOMESITE CONTIGUOUS W/P74723.; ADJ FOR PRIVATE ROAD ACCESS; WOODED ACREAGE BEHIND RESIDENCE; VALUED WITH 30354.  GPB valued on 30354.; 2 homes on site, added utilities x2.; VALUED CONTIG W/ P73535 AND 73519; SITE INDEX 114; PROPERTY ADJ FOR PROXIMITY TO TRANSFER STATION & HTA; LEVEL WOODED BRUSH W/O ANY SITE WORK.; BNSF RR ADJOINS WEST SIDE OF PROPERTY, LINE HANDLE 2-4 TRAINS DAILY; SOUTH OF, AND ALONG BROWNS SLOUGH, EXCESS TO P15898; DRAIN RETENTION POND; PROVIDES NO BANK WATERFRONT FOR P69328 ACROSS STREET, BD17........; PUGET POWER EASEMENT AF#443515; CASCADE EASEMENT AF#550859; REMOVED ADJ FOR REVAL -AC; Rear yard abutts College Way, therefore HTA added. JP; LOW,WET PORTION ADJOINING SLOUGH; CONTIGUOUS WITH 62120 PER AF#202208080090; no view of value; POWER LINE EASEMENT EST. .8A (ALREADY ADJ FOR IN 1 ACRE HOMESITE SEGMENT); -BETWEEN DIKE & RIVER//CONTIG WITH 0-020-0004, 0-018-0008, 0-018-0107; WELL MAINTAINED,  L/I, 2/17/BD21.....; New plat 2018; *SITE.INDEX=128 *VALUE.100PC=70800; IMPROVEMENTS ON P19867. ADJUSTED FOR LOCATION; LEVEL CLEARED PASTURE\LEVEL -WOODED; OUT OF HAMILTON CITY LIMITS, OUT OF FLOODPLAIN, 12/13/BD24....OUT OF FLOODPLAIN,  BD7/5/19TTO........; STEEP ALONG WEST, COMM ZONING; CONT 1, LOT CERT PL03-0237, IS, A SUBSTANDARD LOT OF RECORD SUBJECT TO SCC 14.16.850(4) DEVELOPMENT OF LOTS OF RECORD. SIGNED BY GRACE @ PLANNING 4-28-2003.MAY OR MAY NOT MEET REQUIREMENTS OF SAID SSC 14.16.850(F). AS EXCESS LAND UNTIL APPROVED FOR RESIDENTIAL USE. BY; CONTIG W/66015 & 65977/HIGH BANK WATERFRONT/SIZE AND TOPOGRAPHY ADJ FOR TOTAL AREA/HOLIDAY HIDEAWAY WATER W/METER; LEVEL AND CLEAR 12' HIGH SLOPED RIVERFRONT W/ SEPTIC.; MORE WET THAN REST OF PARCEL; PART OF GAGES SLOUGH; SEE CONTIGUOUS ACREAGE ON COCKERHAM ISLAND, 876+- TOTAL, PRIMARILLY BLUEBERRY FARM LANDS, ALL IN FLOODWAY, 5/2/BD25.........EXCESS ACREAGE VALUED W/P# 41250/ADJ FOR FLOOD PLAIN; BACK LOT INCL PTN VAC RR ROW.  VALUED CONTIGUOUS WITH P69839 AND P69854.  Acreage size corrected per legal description and mapping..sp; CONTIG W/ P31485; VALUED CONTIG W/P#61735; EST SIZE; LEVEL CORNER LOT, L/I, BD10/28/2020.; 11/20/18: No changes noted  GP;; CHANGED VALUE FROM RIVER REV LT TO REC LOT. NO RIVERFRONT. / LOT HAS REC UTILITIES.; EXCESS ACREAGE VALUED W/P#34219; EXCESS ACREAGE VALUED W/P#67931; BIG LAKE PRIME VIEW HOMESITE,ADJ PRIME SITE W/LAKE ACCESS ESMNT. AF#200303040111; NARROW STRIP BTW TRACT B AND C; EXCESS ACREAGE VALUED W/P48464; STORM WATER RETENTION POND FOR PLAT, BD9/21/2020.........; CONTG W/P32202; VIEW IS BLOCKED; 1/29/19: Updated Utils. Added Contig adj for P37672  GP;; RIVER ROAD; FLOUNDER BAY FRONTAGE. LUMP SUM ADJ FOR WATER/POWER TO SHARED DOCK. SE FOR CONCRETE AGGREGATE WALKS AND REAR PATIO AREA.; SLIGHT VIEW ADJ FOR PARTIAL MARINE VIEW TO THE WEST OVER THE ROOF TOPS; FLAT: $299,200 NARROW INTERIOR WATERFRONT LOT. ADJ FOR SIZE; ULID $ 6,940, LOT # 28.; PER UPDATED MOVEMENT PERMIT RECIEVED 3/3/2015,  MP14-25 NOW MP14-25 A, NOW MOVING FROM P123587 TO P41154 NOW TO SPACE # 63 OF VANFLEETS M/H PARK R/P # P39908 CREATING M/H/O ACCOUNT P132606 , REMOVED M/H FROM P41154 INCL LEGAL BD15....; TIDELANDS VALUED W/P#114331; land size per plat map; NO VIEW OF VALUE.  CONTIGUOUS W/ P31364.; SPECIES D, SI 133 (LW); CORNER LOT.; SKAGIT RIVER FRONTAGE ACCROSS HWY 20. LEVEL TO SLOPING; ADJ FOR LOCATION TO HWY 9.; FLOODWAY - EXCESS ACREAGE TO P42825; CONTIGUOUS TO P74081 AND P74078.  VIEW OF CHANNEL AND RAINBOW BRIDGE.  STEEP TOPOGRAPHY LIMITS UTILITY.; SIZE ESTIMATE FROM PLAT MAP; SOME PEEK-A-BOO VIEWS DOWN STREET TO ENE; SPECIES DF, SI 121(LW); COMMON AREA: DETENTION POND PUD; LOWER END OF PLAT; CONTIG TO P50099; SAMISH RIVER FRONTAGE; SOLD 8/2023 $950,000, 10/12/BD23.......GOOD NE MARINE/MTN VIEW.; HOLIDAY HIDEAWAY WATER W/METER/CONTG W/P#65882 & 65855/SIZE ADJ FOR TOTAL SIZE; LARGE SLOPING LOT HAS SHARED ACCESS BY PORTION OF P67487 FOR P67486 AND P67485 FROM END OF ROAD CULDESAC, NORTH WESTERLY VIEW, L/I, BD9/21/2020.; small stream running along property, adj for wet; EXCESS ACREAGE VALUED W/P#50454; CORRECTED LAND TABLE FROM MFGP TO BIND; TIDELANDS FOR P#124727; CONTIG WITH 0-041-0009,; BIG LAKE WFT; EXCESS ACREAGE / 2016 REVAL. REMOVED SKAGIT WATERSHED ADJ FROM EXCESS LAND; Utilities on account for farm buildings; OUT OF FLOODPLAIN,  BD6/28/19NOH........; 10/12/BD23...FAIR TERR VIEW.; EST. EXCESS IN RIVER; MOUND SEPTIC SYSTEM.; EXCESS ACREAGE VALUED W/P#46396 / ACRES LYING OUTSIDE OF THE DELINEATED WETLAND AREA; Open space Natural Resource Land; 2014 REVAL. SKAGIT RIVER WATERSHED DISTRICT RESTRICTIONS.  LOT CERT PL01-0145(P106038 & 104685 AS ONE LOT) APPROVED 2/22/2001.  SUBJECT TO SUBSTANDARD LOT REQUIREMENTS.  SECTION 14.16.850.  GR.  APPROVED PER DAVE HOUGH LETTER DATED8/18/1993.; CHANGED FROM MEDIUM BANK TO LOW BANK WATERFRONT (BASED ON THE ELEVATION CHART)/WITH A LOT SIZE ADJ/TOPO FOR STEEPER THAN TYPICAL LOW BANK SLOPE/CONCRETE BOAT RAMP ON SITE; SKAGIT RIVER FRONTAGE EXCESS LAND ADJACENT TO P42652; NO CHANGES NOTED, 1/6/BD23.........; Contiguous w/P26867. Traffic adjustment for E. Division St.; MARINE AND MT BAKER VIEW TO THE NE; BIG LAKE WFT HOMESITE. EXTENSIVE CONCRETE DRIVEWAY, PARKING AREAS AND RETAINING WALLS.; OBSTRUCTED MARINE VIEWS TO ESE; 0.24 ACRE; 4/1/19: Filled in Acres, unchecked useable size override, updated Utils, removed CMI, added Size ADJ.   GP;; CONTIG P73736 AND P73737, SOLD 8/18 $230,000, IN FLOODWAY, CE.... BD6/13/19TTO..........; EXEMPT COUNTY PROPERTY, 5/3/BD24..........TREES, NEXT TO SR 20 VACANT 1/11/12 RT; WOODED; CONVERTED TO COMM TABLE FOR REVAL. -AC; TRAFFIC ADJUSTMENT FOR HWY 20. NO VIEW OF VALUE.; SAND FILTER SYSTEM ON THIS PARCEL. CONTG TO P75077.; SEE 50% ACCOUNT P34812 AND 50% ACCOUNT P34811; CREEK RUNS ALONG EASTERN BOUNDARY; LOC ADJ FOR ADVERSE NBRHD IMPACTS ACROSS STREET.; 7-8-16 ADDED 121% SIZE ADJ, REMOVED UNDESCRIBED 90% ADJ.TL.  MED BANK HOMESITE; EXCESS ACREAGE VALUED W/P#17636; VIEWS TO ENE INCLUDE MT BAKER, HAT ISLAND, REFINERY; NUISANCE FROM INDUSTRIAL USAGES IN AREA; 10/4/18 Updated Utils  GP;; NEW SFR NEVER PICKED UP BUILT 2005, AS PER OWNER AT COUNTER BD06...; ADJACENT TO CAR LOT AND TRAFFIC ON MCLEAN RD.; *SITE.INDEX=127 *VALUE.100PC=800; TERRITORIAL VIEW MOSTLY OBSTRUCTED BY TREES; LEVEL CROPLAND ACCESS VIA 0-006; SIZE ADJ/ADJ$ FOR HOLIDAY HIDEAWAY WATER SHARE; WAT 15 ADJ; CLEARED, LEVEL,CONTIG; CONTG W/109920.; SMALL PARCEL CONTIG W/P56810 CBD ZONING; HIGH BANK FRONT FOOTAGE - ADJ per chart for under 180'"
sales,sale_type,56,"LEASE, LEASEHOLD; USE CHANGE; FORCED SALE; SECURITY; PARTIAL INTEREST; ASSUMPTION OF MORTGAGE; REZONING; OTHER, WITH REASON; UNDER $1000; QUITCLAIM; VALID SALE; AUCTION SALE; TRADE OR EXCHANGE; DIVORCE; ASSIGNMENT DEED; WITH OTHER PROPERTY; UNDER $1000 SALE; SHORT SALE; EXEMPT PROPERTIES; CORRECTION DEED; PROPERTY IMPROVED AFTER SALE; TRANSFER WITHIN A CORPORATION; CORPORATE AFFILIATES; NEW PLAT; LEASE PROPERTY; SHERIFF SALE; GIFT DEED; CURRENT SEGS NOT UPDATED; FULLFILLMENT OF CONTRACT; OPEN SPACE; PERSONAL PROPERTY; EASEMENT; EXEMPT PROPERTY; SEGREGATION; FORFEITURE; MOBILE HOME; PROPERTY DIFFERENT; ESTATE; CLEAR TITLE; MISCELLANEOUS; FORCLOSURE BANK TO PURCHASER; TIMBER; CANCELLATION; RATIO <25% AND >175%; SHERIFF; PLOTTAGE; FAMILY; QUIT CLAIM; COMBINATION; EASEMENT OR RIGHT OF WAY; NEW BUILDING; FULFILLMENT DEED; TRADE; BANKRUPTCY; TAX DEED; ESTATE SALE"
sales,deed_type,43,Z; TREASURER'S DEED; OTHER; MISC TRANSFER DEED; AFFIDAVIT; ASSIGNMENT OF SUBLEASE; P; PERSONAL REP DEED; COURT ORDER; CP; LACK OF PROBATE; ASSIGNMENT OF LEASE; 2; IN; R; DEED IN LIEU; COMMUNITY PROPERTY AGREEMENT; C; PERSPROP; 0; TRUSTEE'S DEED; QUIT CLAIM DEED; 4; GRANT DEED; BILL OF SALE; X; CONSERVATION EASEMENT DEED; SHERIFF SALE; WARRANTY DEED; EASEMENT; MOBILE HOME DATA; REAL ESTATE CONTRACT; T; DECREE OF DISSOLUTION; MOBILE ONLY; MARRIAGE; UNKNOWN; TRANSFER ON DEATH DEED; BARGAIN AND SALE DEED; DEATH CERTIFICATE; ASSIGNMENT OF SUB LEASE; PURCHASERS ASSIGNMENT; SPECIAL WARRANTY DEED
